Workbook

Sheet Dato
A3: ÁREA | B3: SITIO/SECTOR FUNCIÓN | C3: PROCESO | D3: ACTIVIDAD A DESARROLLAR
A4: PREVENCIÓN | B4: GESTIÓN PREVENTIVA | C4: ACTIVIDADES PREVENTIVAS | D4: Realizar recorridos preventivos por las instalaciones de PVSA para verificar en terreno las condiciones de seguridad de los distintos procesos operacionales, actividades, tareas y puestos de trabajo ejecutados por personal propio y de empresas colaboradoras. Evaluar el cumplimiento de estándares de prevención de riesgos, controles operacionales, procedimientos e instructivos de trabajo seguro, identificando desviaciones y asesorando a la supervisión para la implementación de medidas correctivas y preventivas.
A5: PREVENCIÓN | B5: GESTIÓN PREVENTIVA | C5: CHARLA DE INICIO DE JORNADA | D5: Participar de forma aleatoria y alternada en las charlas de inicio de jornada (charlas de 5 minutos) desarrolladas en los distintos terminales y áreas de PVSA, con el fin de mantenerse informado sobre las actividades operativas y sus riesgos asociados. Asimismo, fomentar la participación de los trabajadores mediante el análisis de los peligros presentes en cada proceso, la revisión de la valoración de riesgos y la verificación del conocimiento y aplicación de las medidas de control establecidas en las MIPER, los Estándares de Prevención de Riesgos y Salud Ocupacional y los Procedimientos de Trabajo Seguro vigentes.
A6: OPERACIONES | B6: CONTROL TRANSITO | C6: CONTROL TRANSITO | D6: Verificar en terreno las actividades desarrolladas por el personal asignado a Control de Tránsito durante el turno, evaluando el cumplimiento de los procedimientos de trabajo, medidas de seguridad y controles operacionales establecidos. Revisar y firmar la charla de inicio de operaciones, verificando que el registro se encuentre correctamente completado y firmado por la totalidad de los trabajadores participantes.
A7: OPERACIONES | B7: SITIO 5 | C7: DESCARGA CARBÓN | D7: Verificar en terreno las actividades asociadas al proceso de descarga de carbón mediante sistema transportador en Sitio 5, evaluando el cumplimiento de los procedimientos de trabajo, controles operacionales y medidas de seguridad establecidas para la operación. Verificar la correcta aplicación de controles asociados a la generación de polvo, operación de sistemas transportadores, tránsito de equipos móviles e interacción persona-equipo. Asesorar a la línea de supervisión ante desviaciones u observaciones detectadas. Revisar y firmar la charla de inicio de operaciones, verificando que el documento se encuentre correctamente completado y firmado por la totalidad de los trabajadores participantes.
A8: OPERACIONES | B8: SITIO 3 | C8: DESCARGA DE ACERO - ACERO - FIERRO ESTRIADO, BOBINAS, PALANQUILLAS SITIO 3 | D8: Verificar en terreno las actividades asociadas al proceso de descarga de acero en bobinas, palanquillas y fierros estriados en Sitio 3, evaluando el cumplimiento de los procedimientos de trabajo, controles críticos de izaje, segregación de áreas, condiciones operacionales y medidas de seguridad establecidas. Asesorar a la línea de supervisión ante desviaciones u observaciones detectadas. Revisar y firmar la charla de inicio de operaciones, verificando que el documento se encuentre correctamente completado y firmado por la totalidad de los trabajadores participantes.
A9: OPERACIONES | B9: SITIO 5 | C9: DESCARGA DE ACERO - ACERO - FIERRO ESTRIADO, BOBINAS, PALANQUILLAS SITIO 5 | D9: Verificar en terreno las actividades asociadas al proceso de descarga de acero en bobinas, palanquillas y fierros estriados en Sitio 5, evaluando el cumplimiento de los procedimientos de trabajo, controles críticos de izaje, segregación de áreas, condiciones operacionales y medidas de seguridad establecidas. Asesorar a la línea de supervisión ante desviaciones u observaciones detectadas. Revisar y firmar la charla de inicio de operaciones, verificando que el documento se encuentre correctamente completado y firmado por la totalidad de los trabajadores participantes.
A10: OPERACIONES | B10: SITIO 2 | C10: DESCARGA DE ASFALTO SITIO 2 | D10: Verificar en terreno las actividades asociadas al proceso de transferencia y descarga de asfalto en Sitio 2, evaluando el cumplimiento de los procedimientos de trabajo, controles operacionales, condiciones de seguridad y medidas preventivas establecidas para la operación. Asesorar a la línea de supervisión ante desviaciones u observaciones detectadas. Revisar y firmar la charla de inicio de operaciones, verificando que el documento se encuentre correctamente completado y firmado por la totalidad de los trabajadores participantes.
A11: OPERACIONES | B11: SITIO 3 | C11: DESCARGA DE ASFALTO SITIO 3 | D11: Verificar en terreno las actividades asociadas al proceso de transferencia y descarga de asfalto en Sitio 3, evaluando el cumplimiento de los procedimientos de trabajo, controles operacionales, condiciones de seguridad y medidas preventivas establecidas para la operación. Asesorar a la línea de supervisión ante desviaciones u observaciones detectadas. Revisar y firmar la charla de inicio de operaciones, verificando que el documento se encuentre correctamente completado y firmado por la totalidad de los trabajadores participantes.
A12: OPERACIONES | B12: SITIO 5 | C12: DESCARGA DE CEMENTO | D12: Verificar en terreno las actividades asociadas al proceso de descarga de Cemento en bigbag en sitio 5 del muelle de PVSA, evaluando el cumplimiento de los procedimientos de trabajo, controles operacionales y medidas de seguridad establecidas para la operación. Verificar la correcta aplicación de controles críticos asociados a maniobras de izaje, manipulación de cargas, tránsito de equipos móviles, segregación de áreas e interacción persona-equipo. Asesorar a la línea de supervisión ante desviaciones u observaciones detectadas. Revisar y firmar la charla de inicio de operaciones, verificando que el documento se encuentre correctamente completado y firmado por la totalidad de los trabajadores participantes.
A13: OPERACIONES | B13: SITIO 3 | C13: DESCARGA DE CENIZA DE SODA | D13: Verificar en terreno las actividades asociadas al proceso de descarga de ceniza de soda en Sitio 3, evaluando el cumplimiento de los procedimientos de trabajo, controles operacionales y medidas de seguridad establecidas para la operación. Verificar la correcta aplicación de controles asociados a la exposición a material particulado, uso de elementos de protección personal y condiciones de trabajo seguras. Asesorar a la línea de supervisión ante desviaciones u observaciones detectadas. Revisar y firmar la charla de inicio de operaciones, verificando que el documento se encuentre correctamente completado y firmado por la totalidad de los trabajadores participantes.
A14: OPERACIONES | B14: SITIO 5 | C14: DESCARGA DE CLINKER | D14: Verificar en terreno las actividades asociadas al proceso de descarga de clinker mediante sistema transportador en Sitio 5, evaluando el cumplimiento de los procedimientos de trabajo, controles operacionales y medidas de seguridad establecidas para la operación. Verificar la correcta aplicación de controles asociados a la generación de polvo, sistemas transportadores, tránsito de equipos y condiciones de trabajo seguras. Asesorar a la línea de supervisión ante desviaciones u observaciones detectadas. Revisar y firmar la charla de inicio de operaciones, verificando que el documento se encuentre correctamente completado y firmado por la totalidad de los trabajadores participantes.
... A36: OPERACIONES | B36: TRABAJOS GENERALES | C36: TRABAJOS GENERALES | D36: Verificar en terreno los trabajos generales programados para la jornada, evaluando el cumplimiento de los procedimientos de trabajo, controles operacionales, permisos asociados y medidas de seguridad establecidas para cada actividad. Verificar la correcta aplicación de los controles de riesgo definidos, el uso adecuado de elementos de protección personal, las condiciones seguras de trabajo y el cumplimiento de los estándares de prevención de riesgos vigentes. Asesorar a la línea de supervisión ante desviaciones u observaciones detectadas. Revisar y firmar la charla de inicio de operaciones, verificando que el documento se encuentre correctamente completado y firmado por la totalidad de los trabajadores participantes.
A44: Área | B44: Sitio/Sector/Función | C44: Asesor de Turno
A45: Abastecimiento | B45: Capacitación | C45: Arenas Binett Joel
A46: Administración | B46: Centro de Acopio Terquim | C46: Bernal Mena Miguel
A47: Mantención | B47: Control Tránsito | C47: Burgos Godoy Andrés
A48: Medioambiente | B48: EMERGENCIAS | C48: Burgos Godoy Ariel
A49: Operaciones | B49: Gestión Ambiental | C49: Campos Torres Rodrigo
A50: Prevención de Riesgos | B50: Gestión Preventiva | C50: González Romero Mario
A51: Terminal Costa | B51: Mantención | C51: Maulen Vicencio Benjamín
A52: Terminal Granos | B52: Materialero/Pañolero | C52: Velazquez Acuña Cesar
A53: Terminal Multicarga | B53: Muelle
B54: Operador Equipos
B55: PVSA
B56: Servicios Generales
B57: Sitio 2
B58: Sitio 3
B59: Sitio 5
B60: Terminal Costa
B61: Terminal de Granos
B62: Terminal Multicarga

Sheet 1ro
C2: ACTIVIDADES PROGRAMADAS | D2: ACTIVIDADES EJECUTADAS | E2: ACTIVIDADES NO EJECUTADAS | F2: PORCENTAJE DE CUMPLIMIENTO
C3: =COUNTIF(B11:B27,"VERDADERO") -> 16 | D3: =COUNTIF(I11:I27,"VERDADERO") -> 0 | E3: =COUNTIF(J11:J27,"VERDADERO") -> 0 | F3: =_xlfn.PERCENTOF(D3,C3) -> 0
B8: PROGRAMACIÓN DE ACTIVIDADES PREVENCIONISTA DE RIESGOS EN TURNO | I8: CONTROL DE CUMPLIMIENTO POR TURNO
B9: PROGRAMADO | C9: 46309 | D9: 1er turno | E9: ASESOR DE TURNO | F9: Bernal Mena Miguel
C10: ÁREA | D10: SITIO/SECTOR FUNCIÓN | E10: PROCESO | F10: ACTIVIDAD A DESARROLLAR | I10: EJECUTADO | J10: NO EJECUTADO | K10: EVIDENCIA | L10: OBSERVACIONES
B11: TRUE | C11: Operaciones | D11: PVSA | E11: CHARLA DE INICIO DE JORNADA | F11: =_xlfn.XLOOKUP(E11,Dato!$C$3:$C$36,Dato!$D$3:$D$36,"NO ENCONTRADO") -> Participar de forma aleatoria y alternada en las charlas de inicio de jornada (charlas de 5 minutos) desarrolladas en los distintos terminales y áreas de PVSA, con el fin de mantenerse informado sobre las actividades operativas y sus riesgos asociados. Asimismo, fomentar la participación de los trabajadores mediante el análisis de los peligros presentes en cada proceso, la revisión de la valoración de riesgos y la verificación del conocimiento y aplicación de las medidas de control establecidas en las MIPER, los Estándares de Prevención de Riesgos y Salud Ocupacional y los Procedimientos de Trabajo Seguro vigentes. | I11: FALSE | J11: FALSE
B12: FALSE | C12: Operaciones | D12: Sitio 2 | E12: EMBARQUE DE CONCENTRADO SITIO 2 | F12: =_xlfn.XLOOKUP(E12,Dato!$C$3:$C$36,Dato!$D$3:$D$36,"NO ENCONTRADO") -> Verificar en terreno las actividades asociadas al proceso de embarque de concentrado de cobre en Sitio 2, evaluando el cumplimiento de los procedimientos de trabajo, controles operacionales y medidas de seguridad establecidas para la operación. Verificar la correcta aplicación de controles asociados a la exposición a material particulado, operación de sistemas transportadores, tránsito de equipos móviles, segregación de áreas y control de derrames o pérdidas de material. Asesorar a la línea de supervisión ante desviaciones u observaciones detectadas. Revisar y firmar la charla de inicio de operaciones, verificando que el documento se encuentre correctamente completado y firmado por la totalidad de los trabajadores participantes. | I12: FALSE | J12: FALSE
B13: TRUE | C13: Operaciones | D13: Sitio 3 | E13: DESCARGA DE CENIZA DE SODA | F13: =_xlfn.XLOOKUP(E13,Dato!$C$3:$C$36,Dato!$D$3:$D$36,"NO ENCONTRADO") -> Verificar en terreno las actividades asociadas al proceso de descarga de ceniza de soda en Sitio 3, evaluando el cumplimiento de los procedimientos de trabajo, controles operacionales y medidas de seguridad establecidas para la operación. Verificar la correcta aplicación de controles asociados a la exposición a material particulado, uso de elementos de protección personal y condiciones de trabajo seguras. Asesorar a la línea de supervisión ante desviaciones u observaciones detectadas. Revisar y firmar la charla de inicio de operaciones, verificando que el documento se encuentre correctamente completado y firmado por la totalidad de los trabajadores participantes. | I13: FALSE | J13: FALSE
B14: TRUE | C14: Operaciones | D14: Sitio 5 | E14: DESCARGA DE CEMENTO | F14: =_xlfn.XLOOKUP(E14,Dato!$C$3:$C$36,Dato!$D$3:$D$36,"NO ENCONTRADO") -> Verificar en terreno las actividades asociadas al proceso de descarga de Cemento en bigbag en sitio 5 del muelle de PVSA, evaluando el cumplimiento de los procedimientos de trabajo, controles operacionales y medidas de seguridad establecidas para la operación. Verificar la correcta aplicación de controles críticos asociados a maniobras de izaje, manipulación de cargas, tránsito de equipos móviles, segregación de áreas e interacción persona-equipo. Asesorar a la línea de supervisión ante desviaciones u observaciones detectadas. Revisar y firmar la charla de inicio de operaciones, verificando que el documento se encuentre correctamente completado y firmado por la totalidad de los trabajadores participantes. | I14: FALSE | J14: FALSE
B15: TRUE | C15: Operaciones | D15: Terminal de Granos | E15: RECEPCIÓN, ACOPIO Y/O DESPACHO DE CEMENTO EN BIGBAG | F15: =_xlfn.XLOOKUP(E15,Dato!$C$3:$C$36,Dato!$D$3:$D$36,"NO ENCONTRADO") -> Verificar en terreno las actividades asociadas a la recepción y acopio de cemento en bigbag, en el Terminal de granos limpios, evaluando el cumplimiento de los procedimientos de trabajo, controles operacionales y medidas de seguridad establecidas. Verificar la correcta aplicación de controles asociados a la generación de material particulado, tránsito de equipos móviles, interacción persona-equipo, segregación de áreas y condiciones seguras de operación. Asesorar a la línea de supervisión ante desviaciones u observaciones detectadas. Revisar y firmar la charla de inicio de operaciones, verificando que el documento se encuentre correctamente completado y firmado por la totalidad de los trabajadores participantes. | I15: FALSE | J15: FALSE
B16: TRUE | C16: Operaciones | D16: Centro de Acopio Terquim | E16: RECEPCIÓN, DESCARGA Y/O DESPACHO DE ACERO - FIERRO ESTRIADO, BOBINAS, PALANQUILLAS | F16: =_xlfn.XLOOKUP(E16,Dato!$C$3:$C$36,Dato!$D$3:$D$36,"NO ENCONTRADO") -> Verificar en terreno las actividades asociadas al proceso de recepción, descarga y/o despacho de acero (fierro estriado, bobinas y palanquillas) en instalaciones de Terquim, evaluando el cumplimiento de los procedimientos de trabajo, controles operacionales y medidas de seguridad establecidas para la operación. Verificar la correcta aplicación de controles críticos asociados a maniobras de izaje, manipulación de cargas, tránsito de equipos móviles, segregación de áreas e interacción persona-equipo. Asesorar a la línea de supervisión ante desviaciones u observaciones detectadas. Revisar y firmar la charla de inicio de operaciones, verificando que el documento se encuentre correctamente completado y firmado por la totalidad de los trabajadores participantes. | I16: FALSE | J16: FALSE
B17: TRUE | C17: Operaciones | D17: Operador Equipos | E17: OPERADOR DE EQUIPOS Y MAQUINARIA PESADA | F17: =_xlfn.XLOOKUP(E17,Dato!$C$3:$C$36,Dato!$D$3:$D$36,"NO ENCONTRADO") -> Verificar en terreno las actividades desarrolladas por los operadores de maquinaria pesada durante el turno, evaluando el cumplimiento de los procedimientos de trabajo, controles operacionales y medidas de seguridad establecidas para la operación de equipos móviles. Verificar la correcta aplicación de controles asociados a inspecciones preoperacionales, tránsito interno, interacción persona-equipo, segregación de áreas de trabajo, uso de elementos de protección personal y cumplimiento de las normas de conducción segura. Asesorar a la línea de supervisión ante desviaciones u observaciones detectadas. Revisar y firmar la charla de inicio de operaciones, verificando que el documento se encuentre correctamente completado y firmado por la totalidad de los trabajadores participantes. | I17: FALSE | J17: FALSE
B18: TRUE | C18: Operaciones | D18: Control Tránsito | E18: CONTROL TRANSITO | F18: =_xlfn.XLOOKUP(E18,Dato!$C$3:$C$36,Dato!$D$3:$D$36,"NO ENCONTRADO") -> Verificar en terreno las actividades desarrolladas por el personal asignado a Control de Tránsito durante el turno, evaluando el cumplimiento de los procedimientos de trabajo, medidas de seguridad y controles operacionales establecidos. Revisar y firmar la charla de inicio de operaciones, verificando que el registro se encuentre correctamente completado y firmado por la totalidad de los trabajadores participantes. | I18: FALSE | J18: FALSE
B19: TRUE | C19: Operaciones | D19: Materialero/Pañolero | E19: MATERIALERO PAÑOLERO | F19: =_xlfn.XLOOKUP(E19,Dato!$C$3:$C$36,Dato!$D$3:$D$36,"NO ENCONTRADO") -> Verificar en terreno las actividades desarrolladas por el personal asignado como materialero y pañolero de operaciones durante el turno, evaluando el cumplimiento de los procedimientos de trabajo, controles operacionales y medidas de seguridad aplicables a la recepción, entrega, almacenamiento y control de materiales, herramientas y equipos. Verificar el orden y la limpieza de las instalaciones, las condiciones de almacenamiento y la correcta utilización de los elementos de protección personal. Asesorar a la línea de supervisión ante desviaciones u observaciones detectadas. Revisar y firmar la charla de inicio de operaciones, verificando que el documento se encuentre correctamente completado y firmado por la totalidad de los trabajadores participantes. | I19: FALSE | J19: FALSE
B20: TRUE | C20: Mantención | D20: PVSA | E20: PROCESOS DE ELECTROMECÁNICOS | F20: =_xlfn.XLOOKUP(E20,Dato!$C$3:$C$36,Dato!$D$3:$D$36,"NO ENCONTRADO") -> Verificar en terreno las actividades programadas para la jornada, por el equipo de electromcánicos, evaluando el cumplimiento de los procedimientos de trabajo, permisos asociados, controles operacionales y medidas de seguridad establecidas para las tareas a ejecutar. Verificar la correcta aplicación de controles críticos relacionados con bloqueo y etiquetado de energías (LOTO), trabajos en altura, espacios confinados, trabajos en caliente, izaje de cargas y uso de herramientas y equipos. Asesorar a la línea de supervisión ante desviaciones u observaciones detectadas. Revisar y firmar la charla de inicio de operaciones, verificando que el documento se encuentre correctamente completado y firmado por la totalidad de los trabajadores participantes. | I20: FALSE | J20: FALSE
B21: TRUE | C21: Mantención | D21: PVSA | E21: PROCESOS DE MANTENIMIENTO | F21: =_xlfn.XLOOKUP(E21,Dato!$C$3:$C$36,Dato!$D$3:$D$36,"NO ENCONTRADO") -> Verificar en terreno las actividades de mantenimiento programadas para la jornada, evaluando el cumplimiento de los procedimientos de trabajo, permisos asociados, controles operacionales y medidas de seguridad establecidas para las tareas a ejecutar. Verificar la correcta aplicación de controles críticos relacionados con bloqueo y etiquetado de energías (LOTO), trabajos en altura, espacios confinados, trabajos en caliente, izaje de cargas y uso de herramientas y equipos. Asesorar a la línea de supervisión ante desviaciones u observaciones detectadas. Revisar y firmar la charla de inicio de operaciones, verificando que el documento se encuentre correctamente completado y firmado por la totalidad de los trabajadores participantes. | I21: FALSE | J21: FALSE
B22: TRUE | C22: Terminal Costa | D22: Terminal Costa | E22: RECEPCIÓN / EMBARQUE DE CONCENTRADO DE COBRE | F22: =_xlfn.XLOOKUP(E22,Dato!$C$3:$C$36,Dato!$D$3:$D$36,"NO ENCONTRADO") -> Verificar en terreno las actividades asociadas a la recepción y/o embarque de concentrado de cobre, u otras operaciones que se encuentren en ejecución en Terminal Costa, evaluando el cumplimiento de los procedimientos de trabajo, controles operacionales y medidas de seguridad establecidas. Verificar la correcta aplicación de controles asociados a la exposición a material particulado, tránsito de equipos móviles, interacción persona-equipo, segregación de áreas, control de derrames y condiciones de trabajo seguras. Asesorar a la línea de supervisión ante desviaciones u observaciones detectadas. Revisar y firmar la charla de inicio de operaciones, verificando que el documento se encuentre correctamente completado y firmado por la totalidad de los trabajadores participantes. | I22: FALSE | J22: FALSE
... B27: TRUE | C27: Prevención de Riesgos | D27: EMERGENCIAS | E27: EMERGENCIAS | F27: =_xlfn.XLOOKUP(E27,Dato!$C$3:$C$36,Dato!$D$3:$D$36,"NO ENCONTRADO") -> Concurrir de forma inmediata e impostergable a toda emergencia que se produzca durante su turno en las instalaciones de PVSA y que afecte o pueda afectar a las personas, el medio ambiente o los activos de la compañía, asumiendo la respuesta inicial y el control del evento mediante la activación de los planes de emergencia y procedimientos vigentes. | I27: FALSE | J27: FALSE
C28: PROGRAMA PERSONALIZADO DE SEGURIDAD Y SALUD OCUPACIONAL
C29: ACTIVIDADES MÍNIMAS POR CARGO
C30: CARGO | D30: ACTIVIDAD | E30: PERIODO | F30: CANTIDAD | G30: VERIFICADOR
C31: Departamento de Prevención de Riesgos. | D31: Charlas de seguridad – Capacitación en terreno Charlas de 5 minutos | E31: MENSUAL | F31: 4 | G31: REGISTRO FÍSICO
D32: Observación de Conducta | F32: 4 | G32: SAFEX - MODULO CONDUCTUAL
D33: Inspección Planeada de Seguridad | F33: 4 | G33: SAFEX - MÓDULO REPORTABILIDAD
D34: Inspección de Equipos de protección personal | F34: 4 | G34: SAFEX - MÓDULO LISTAS DE CHEQUEO
D36: Reporte de cuasi-accidentes e Investigación de accidentes | E36: C/C | F36: Cada vez | G36: SAFEX - MÓDULO REPORTABILIDAD
